nplikeness,confidence
-0.58213806525085,1.0
0.8241047149611,1.0
