nplikeness,confidence
-1.37102176232333,0.9795918367346939
-1.4549516786333003,0.9649122807017544
-0.2541064682578412,0.8055555555555556
